# Pliron scalar capability manifest (generated; schema-version 1).
# One row per assets/ok and assets/runtime_error fixture:
#   fixture <TAB> entry <TAB> status <TAB> detail
# status: differential (VM/native value oracle, O0+O1) |
#         trap-differential (VM/native trap-category oracle, O0+O1) |
#         excluded (native rejection diagnostic) |
#         ineligible (no zero-arg value-returning `compute` entry)
# Regenerate: UPDATE_EXPECT=1 CARGO_WORKSPACE_DIR=$PWD \
#   cargo nextest run --features backend-pliron scalar_capability_manifest
assets/ok/abstract_dispatch_effect_free_conformers.mojo	-	ineligible	no-scalar-entry-shape
assets/ok/add.mojo	-	ineligible	no-scalar-entry-shape
assets/ok/allocation_tracked_unsafe_ptr.mojo	-	ineligible	no-scalar-entry-shape
assets/ok/arithmetic.mojo	-	ineligible	no-scalar-entry-shape
assets/ok/array_comparable.mojo	-	ineligible	no-scalar-entry-shape
assets/ok/array_element_assignment.mojo	-	ineligible	no-scalar-entry-shape
assets/ok/array_fixed_size_core.mojo	-	ineligible	no-scalar-entry-shape
assets/ok/array_struct_elements_and_fill.mojo	-	ineligible	no-scalar-entry-shape
assets/ok/associated_trait_self_element.mojo	-	ineligible	no-scalar-entry-shape
assets/ok/associated_type_return.mojo	-	ineligible	no-scalar-entry-shape
assets/ok/bool_alias_predicate_where.mojo	-	ineligible	no-scalar-entry-shape
assets/ok/boolable_and_divmod.mojo	-	ineligible	no-scalar-entry-shape
assets/ok/borrowed_iteration_temporary_source_drop.mojo	-	ineligible	no-scalar-entry-shape
assets/ok/builtins_numeric.mojo	-	ineligible	no-scalar-entry-shape
assets/ok/callable_element_call_dispatch.mojo	-	ineligible	no-scalar-entry-shape
assets/ok/callable_struct_element_invocation.mojo	-	ineligible	no-scalar-entry-shape
assets/ok/callable_struct_transfer_after_last_use.mojo	-	ineligible	no-scalar-entry-shape
assets/ok/captured_store_local_carrier.mojo	-	ineligible	no-scalar-entry-shape
assets/ok/chained_comparison.mojo	-	ineligible	no-scalar-entry-shape
assets/ok/closures.mojo	-	ineligible	no-scalar-entry-shape
assets/ok/comparable_ordered_algorithms.mojo	-	ineligible	no-scalar-entry-shape
assets/ok/comprehension_borrowed_named_source.mojo	-	ineligible	no-scalar-entry-shape
assets/ok/comprehension_temporary_source_drop.mojo	-	ineligible	no-scalar-entry-shape
assets/ok/comptime_alias_generic.mojo	-	ineligible	no-scalar-entry-shape
assets/ok/comptime_ctfe.mojo	-	ineligible	no-scalar-entry-shape
assets/ok/comptime_for.mojo	-	ineligible	no-scalar-entry-shape
assets/ok/comptime_frozen_struct.mojo	-	ineligible	no-scalar-entry-shape
assets/ok/comptime_if.mojo	-	ineligible	no-scalar-entry-shape
assets/ok/comptime_if_generic_specialization.mojo	-	ineligible	no-scalar-entry-shape
assets/ok/comptime_shadowed_locals.mojo	-	ineligible	no-scalar-entry-shape
assets/ok/comptime_tuple.mojo	-	ineligible	no-scalar-entry-shape
assets/ok/container_owning_family_apis.mojo	-	ineligible	no-scalar-entry-shape
assets/ok/contextual_member_static.mojo	-	ineligible	no-scalar-entry-shape
assets/ok/copy_return.mojo	-	ineligible	no-scalar-entry-shape
assets/ok/copyable.mojo	-	ineligible	no-scalar-entry-shape
assets/ok/copyable_iterator_reference_aggregate.mojo	-	ineligible	no-scalar-entry-shape
assets/ok/copyinit_moveinit.mojo	-	ineligible	no-scalar-entry-shape
assets/ok/decorators.mojo	-	ineligible	no-scalar-entry-shape
assets/ok/default_args.mojo	-	ineligible	no-scalar-entry-shape
assets/ok/defines_main.mojo	-	ineligible	no-scalar-entry-shape
assets/ok/delegated_ref_return_projection.mojo	-	ineligible	no-scalar-entry-shape
assets/ok/dict_insert_linear_capable.mojo	-	ineligible	no-scalar-entry-shape
assets/ok/dict_methods_growth.mojo	-	ineligible	no-scalar-entry-shape
assets/ok/dict_take_items.mojo	-	ineligible	no-scalar-entry-shape
assets/ok/dict_upstream_key_value_iteration.mojo	-	ineligible	no-scalar-entry-shape
assets/ok/dict_views_iteration.mojo	-	ineligible	no-scalar-entry-shape
assets/ok/docstrings.mojo	-	ineligible	no-scalar-entry-shape
assets/ok/dtype_default_param.mojo	-	ineligible	no-scalar-entry-shape
assets/ok/dtype_struct_param.mojo	-	ineligible	no-scalar-entry-shape
assets/ok/dtype_value_param.mojo	-	ineligible	no-scalar-entry-shape
assets/ok/dunder_contains.mojo	-	ineligible	no-scalar-entry-shape
assets/ok/dunder_index.mojo	-	ineligible	no-scalar-entry-shape
assets/ok/dunder_setitem.mojo	-	ineligible	no-scalar-entry-shape
assets/ok/dunder_vec2.mojo	-	ineligible	no-scalar-entry-shape
assets/ok/exceptions.mojo	-	ineligible	no-scalar-entry-shape
assets/ok/explicit_destroy_partial_fields.mojo	-	ineligible	no-scalar-entry-shape
assets/ok/explicit_destroy_raising.mojo	-	ineligible	no-scalar-entry-shape
assets/ok/forward_struct_reference_iterator.mojo	-	ineligible	no-scalar-entry-shape
assets/ok/funarg_call_through_after_last_use.mojo	-	ineligible	no-scalar-entry-shape
assets/ok/func_styles.mojo	-	ineligible	no-scalar-entry-shape
assets/ok/function_type_where_bound.mojo	-	ineligible	no-scalar-entry-shape
assets/ok/function_type_where_unconstrained_actual.mojo	-	ineligible	no-scalar-entry-shape
assets/ok/function_typed_kwargs.mojo	-	ineligible	no-scalar-entry-shape
assets/ok/generic_borrowed_dispatch_overloaded_iter.mojo	-	ineligible	no-scalar-entry-shape
assets/ok/generic_copyable_iterator_refinement.mojo	-	ineligible	no-scalar-entry-shape
assets/ok/generic_ctfe_associated_value.mojo	-	ineligible	no-scalar-entry-shape
assets/ok/generic_ctfe_value_param.mojo	-	ineligible	no-scalar-entry-shape
assets/ok/hashable_bucketing.mojo	-	ineligible	no-scalar-entry-shape
assets/ok/hello_world.mojo	-	ineligible	no-scalar-entry-shape
assets/ok/implicit_conversion.mojo	-	ineligible	no-scalar-entry-shape
assets/ok/init_out_self.mojo	-	ineligible	no-scalar-entry-shape
assets/ok/inplace_field.mojo	-	ineligible	no-scalar-entry-shape
assets/ok/inplace_raises_try.mojo	-	ineligible	no-scalar-entry-shape
assets/ok/inplace_subscript_multi.mojo	-	ineligible	no-scalar-entry-shape
assets/ok/inplace_subscript_once.mojo	-	ineligible	no-scalar-entry-shape
assets/ok/inplace_subscript_raises_try.mojo	-	ineligible	no-scalar-entry-shape
assets/ok/inplace_subscript_ref.mojo	-	ineligible	no-scalar-entry-shape
assets/ok/inplace_subscript_value.mojo	-	ineligible	no-scalar-entry-shape
assets/ok/inplace_var.mojo	-	ineligible	no-scalar-entry-shape
assets/ok/input.mojo	-	ineligible	no-scalar-entry-shape
assets/ok/interior_dest_rebind_releases_loans.mojo	-	ineligible	no-scalar-entry-shape
assets/ok/iterable_associated_element.mojo	-	ineligible	no-scalar-entry-shape
assets/ok/keyword_call.mojo	-	ineligible	no-scalar-entry-shape
assets/ok/keyword_only.mojo	-	ineligible	no-scalar-entry-shape
assets/ok/keyword_slice_subscripts.mojo	-	ineligible	no-scalar-entry-shape
assets/ok/keyword_subscript_user_struct.mojo	-	ineligible	no-scalar-entry-shape
assets/ok/kwargs.mojo	-	ineligible	no-scalar-entry-shape
assets/ok/lambda_basic.mojo	-	ineligible	no-scalar-entry-shape
assets/ok/lambda_captures.mojo	-	ineligible	no-scalar-entry-shape
assets/ok/lambda_generic_comptime.mojo	-	ineligible	no-scalar-entry-shape
assets/ok/lambda_hof.mojo	-	ineligible	no-scalar-entry-shape
assets/ok/lambda_in_control_flow.mojo	-	ineligible	no-scalar-entry-shape
assets/ok/layout_allocation.mojo	-	ineligible	no-scalar-entry-shape
assets/ok/lifecycle_deprecated_spellings.mojo	-	ineligible	no-scalar-entry-shape
assets/ok/line_continuation.mojo	-	ineligible	no-scalar-entry-shape
assets/ok/list_and_struct.mojo	-	ineligible	no-scalar-entry-shape
assets/ok/list_anytype_element.mojo	-	ineligible	no-scalar-entry-shape
assets/ok/list_contiguous_slice_strict.mojo	-	ineligible	no-scalar-entry-shape
assets/ok/list_methods_growth.mojo	-	ineligible	no-scalar-entry-shape
assets/ok/list_strided_slice_normalizes.mojo	-	ineligible	no-scalar-entry-shape
assets/ok/list_unsafe_ptr_multi_element.mojo	-	ineligible	no-scalar-entry-shape
assets/ok/loop_binding_consuming_copy.mojo	-	ineligible	no-scalar-entry-shape
assets/ok/mapping_key_iteration_reads.mojo	-	ineligible	no-scalar-entry-shape
assets/ok/math_module_rounding.mojo	-	ineligible	no-scalar-entry-shape
assets/ok/maybe_uninit_predicates.mojo	-	ineligible	no-scalar-entry-shape
assets/ok/maybe_uninit_roundtrip.mojo	-	ineligible	no-scalar-entry-shape
assets/ok/maybe_uninit_write.mojo	-	ineligible	no-scalar-entry-shape
assets/ok/method_mut_param.mojo	-	ineligible	no-scalar-entry-shape
assets/ok/movable_where_false_explicit_destroy.mojo	-	ineligible	no-scalar-entry-shape
assets/ok/mut_owned_params.mojo	-	ineligible	no-scalar-entry-shape
assets/ok/mut_ref_writeback.mojo	-	ineligible	no-scalar-entry-shape
assets/ok/nested.mojo	-	ineligible	no-scalar-entry-shape
assets/ok/nested_comprehensions.mojo	-	ineligible	no-scalar-entry-shape
assets/ok/nested_def_captured_param_store.mojo	-	ineligible	no-scalar-entry-shape
assets/ok/nested_index_store.mojo	-	ineligible	no-scalar-entry-shape
assets/ok/nested_recursive_call.mojo	-	ineligible	no-scalar-entry-shape
assets/ok/nominal_string_affix.mojo	-	ineligible	no-scalar-entry-shape
assets/ok/nominal_string_basics.mojo	-	ineligible	no-scalar-entry-shape
assets/ok/nominal_string_codepoint_from_u32.mojo	-	ineligible	no-scalar-entry-shape
assets/ok/nominal_string_codepoint_type.mojo	-	ineligible	no-scalar-entry-shape
assets/ok/nominal_string_default_binding.mojo	-	ineligible	no-scalar-entry-shape
assets/ok/nominal_string_dict_keys.mojo	-	ineligible	no-scalar-entry-shape
assets/ok/nominal_string_find.mojo	-	ineligible	no-scalar-entry-shape
assets/ok/nominal_string_graphemes.mojo	-	ineligible	no-scalar-entry-shape
assets/ok/nominal_string_indexing.mojo	-	ineligible	no-scalar-entry-shape
assets/ok/nominal_string_keyword_slices.mojo	-	ineligible	no-scalar-entry-shape
assets/ok/nominal_string_operations.mojo	-	ineligible	no-scalar-entry-shape
assets/ok/nominal_string_protocols.mojo	-	ineligible	no-scalar-entry-shape
assets/ok/nominal_string_split.mojo	-	ineligible	no-scalar-entry-shape
assets/ok/nominal_string_writer.mojo	-	ineligible	no-scalar-entry-shape
assets/ok/number_and_string_literals.mojo	-	ineligible	no-scalar-entry-shape
assets/ok/numeric_operation_traits.mojo	-	ineligible	no-scalar-entry-shape
assets/ok/optional_owning_api.mojo	-	ineligible	no-scalar-entry-shape
assets/ok/origin_argument_alias_bodies.mojo	-	ineligible	no-scalar-entry-shape
assets/ok/origin_argument_direct_applications.mojo	-	ineligible	no-scalar-entry-shape
assets/ok/overloading_arity.mojo	-	ineligible	no-scalar-entry-shape
assets/ok/overloading_literal_default.mojo	-	ineligible	no-scalar-entry-shape
assets/ok/overloading_struct_params.mojo	-	ineligible	no-scalar-entry-shape
assets/ok/owned_iteration_iterator_owned_type.mojo	-	ineligible	no-scalar-entry-shape
assets/ok/owned_pointer_api.mojo	-	ineligible	no-scalar-entry-shape
assets/ok/ownership_marker_traits.mojo	-	ineligible	no-scalar-entry-shape
assets/ok/pack_struct_getitem.mojo	-	ineligible	no-scalar-entry-shape
assets/ok/pack_struct_pair.mojo	-	ineligible	no-scalar-entry-shape
assets/ok/pack_struct_variadic_init.mojo	-	ineligible	no-scalar-entry-shape
assets/ok/pack_struct_writable.mojo	-	ineligible	no-scalar-entry-shape
assets/ok/parameterized_assoc_concrete.mojo	-	ineligible	no-scalar-entry-shape
assets/ok/parameterized_assoc_origin.mojo	-	ineligible	no-scalar-entry-shape
assets/ok/parameterized_assoc_self_origin.mojo	-	ineligible	no-scalar-entry-shape
assets/ok/parameterized_assoc_self_origin_return.mojo	-	ineligible	no-scalar-entry-shape
assets/ok/parameterized_assoc_value.mojo	-	ineligible	no-scalar-entry-shape
assets/ok/parametric_mut_iterator_read.mojo	-	ineligible	no-scalar-entry-shape
assets/ok/pliron_alloc_roundtrip.mojo	-	ineligible	no-scalar-entry-shape
assets/ok/pliron_builtin_numeric_edges.mojo	-	ineligible	no-scalar-entry-shape
assets/ok/pliron_callable_struct.mojo	-	ineligible	no-scalar-entry-shape
assets/ok/pliron_closure_drop_order.mojo	-	ineligible	no-scalar-entry-shape
assets/ok/pliron_closure_env.mojo	-	ineligible	no-scalar-entry-shape
assets/ok/pliron_convert_bool.mojo	compute	differential	ret=Int
assets/ok/pliron_convert_int_float.mojo	compute	differential	ret=Int
assets/ok/pliron_convert_uint.mojo	compute	differential	ret=Int
assets/ok/pliron_deep_recursion.mojo	compute	differential	ret=Int
assets/ok/pliron_diamond.mojo	compute	differential	ret=Int
assets/ok/pliron_dict_set.mojo	-	ineligible	no-scalar-entry-shape
assets/ok/pliron_fib.mojo	compute	differential	ret=Int
assets/ok/pliron_finally_early_return.mojo	-	ineligible	no-scalar-entry-shape
assets/ok/pliron_finally_overrides.mojo	-	ineligible	no-scalar-entry-shape
assets/ok/pliron_float32_semantics.mojo	-	ineligible	no-scalar-entry-shape
assets/ok/pliron_float_arith.mojo	compute	differential	ret=Float64
assets/ok/pliron_float_compare_nan.mojo	compute	differential	ret=Int
assets/ok/pliron_float_floor_mod.mojo	compute	differential	ret=Float64
assets/ok/pliron_float_neg_zero.mojo	compute	differential	ret=Float64
assets/ok/pliron_float_pow.mojo	compute	differential	ret=Float64
assets/ok/pliron_floor_signs.mojo	compute	differential	ret=Int
assets/ok/pliron_input_echo.mojo	-	ineligible	no-scalar-entry-shape
assets/ok/pliron_int_pow.mojo	compute	differential	ret=Int
assets/ok/pliron_int_truediv.mojo	compute	differential	ret=Float64
assets/ok/pliron_iter_borrowed.mojo	-	ineligible	no-scalar-entry-shape
assets/ok/pliron_iter_bounded.mojo	-	ineligible	no-scalar-entry-shape
assets/ok/pliron_iter_drop_order.mojo	-	ineligible	no-scalar-entry-shape
assets/ok/pliron_iter_range.mojo	-	ineligible	no-scalar-entry-shape
assets/ok/pliron_kwargs_defaults.mojo	compute	differential	ret=Int
assets/ok/pliron_kwargs_ref.mojo	-	ineligible	no-scalar-entry-shape
assets/ok/pliron_list_core.mojo	-	ineligible	no-scalar-entry-shape
assets/ok/pliron_literal_materialize.mojo	-	ineligible	no-scalar-entry-shape
assets/ok/pliron_loop.mojo	compute	differential	ret=Int
assets/ok/pliron_math_rounding_edges.mojo	-	ineligible	no-scalar-entry-shape
assets/ok/pliron_multifunc.mojo	compute	differential	ret=Int
assets/ok/pliron_multiindex_kw.mojo	-	ineligible	no-scalar-entry-shape
assets/ok/pliron_partial_move_drop.mojo	-	ineligible	no-scalar-entry-shape
assets/ok/pliron_pointer_lifecycle.mojo	-	ineligible	no-scalar-entry-shape
assets/ok/pliron_print_scalars.mojo	-	ineligible	no-scalar-entry-shape
assets/ok/pliron_print_str_literal.mojo	-	ineligible	no-scalar-entry-shape
assets/ok/pliron_reference_write_back.mojo	-	ineligible	no-scalar-entry-shape
assets/ok/pliron_scalar_casts.mojo	-	ineligible	no-scalar-entry-shape
assets/ok/pliron_scalar_widths.mojo	-	ineligible	no-scalar-entry-shape
assets/ok/pliron_shortcircuit.mojo	compute	differential	ret=Int
assets/ok/pliron_slice_desc.mojo	-	ineligible	no-scalar-entry-shape
assets/ok/pliron_straightline.mojo	compute	differential	ret=Int
assets/ok/pliron_string_convert.mojo	-	ineligible	no-scalar-entry-shape
assets/ok/pliron_string_literal_var.mojo	-	ineligible	no-scalar-entry-shape
assets/ok/pliron_stringliteral_value.mojo	-	ineligible	no-scalar-entry-shape
assets/ok/pliron_struct_drop_order.mojo	-	ineligible	no-scalar-entry-shape
assets/ok/pliron_struct_fieldwise.mojo	-	ineligible	no-scalar-entry-shape
assets/ok/pliron_struct_init_method.mojo	-	ineligible	no-scalar-entry-shape
assets/ok/pliron_subscript_ref.mojo	-	ineligible	no-scalar-entry-shape
assets/ok/pliron_thin_callables.mojo	-	ineligible	no-scalar-entry-shape
assets/ok/pliron_try_cleanup_drop_order.mojo	-	ineligible	no-scalar-entry-shape
assets/ok/pliron_try_handled_error.mojo	-	ineligible	no-scalar-entry-shape
assets/ok/pliron_try_loop_escape.mojo	-	ineligible	no-scalar-entry-shape
assets/ok/pliron_try_nested_reraise.mojo	-	ineligible	no-scalar-entry-shape
assets/ok/pliron_tuple_pack.mojo	-	ineligible	no-scalar-entry-shape
assets/ok/pliron_uint_arith.mojo	compute	differential	ret=UInt
assets/ok/pliron_uint_compare.mojo	compute	differential	ret=Int
assets/ok/pliron_uint_pow.mojo	compute	differential	ret=UInt
assets/ok/pliron_uninit_roundtrip.mojo	-	ineligible	no-scalar-entry-shape
assets/ok/pliron_wrap_int_arith.mojo	compute	differential	ret=Int
assets/ok/pliron_wrap_pow.mojo	compute	differential	ret=Int
assets/ok/pliron_wrap_uint_arith.mojo	compute	differential	ret=UInt
assets/ok/pointer_empty_deref.mojo	-	ineligible	no-scalar-entry-shape
assets/ok/pointer_to_place.mojo	-	ineligible	no-scalar-entry-shape
assets/ok/pointer_to_ref_binding.mojo	-	ineligible	no-scalar-entry-shape
assets/ok/pointer_to_ref_write_through.mojo	-	ineligible	no-scalar-entry-shape
assets/ok/pointer_unsafe_vocabulary.mojo	-	ineligible	no-scalar-entry-shape
assets/ok/positional_only.mojo	-	ineligible	no-scalar-entry-shape
assets/ok/range_zero_step_empty.mojo	-	ineligible	no-scalar-entry-shape
assets/ok/ref_field_adapter_from_reborrow.mojo	-	ineligible	no-scalar-entry-shape
assets/ok/ref_field_adapter_return_from_field.mojo	-	ineligible	no-scalar-entry-shape
assets/ok/ref_field_chained_view_call.mojo	-	ineligible	no-scalar-entry-shape
assets/ok/ref_field_ctor_from_ref_field.mojo	-	ineligible	no-scalar-entry-shape
assets/ok/ref_field_ctor_owned_source.mojo	-	ineligible	no-scalar-entry-shape
assets/ok/ref_field_drain_mut_method.mojo	-	ineligible	no-scalar-entry-shape
assets/ok/ref_field_parametric_mut_subscript_write.mojo	-	ineligible	no-scalar-entry-shape
assets/ok/ref_field_reborrow_read.mojo	-	ineligible	no-scalar-entry-shape
assets/ok/ref_field_view_for_temporary.mojo	-	ineligible	no-scalar-entry-shape
assets/ok/ref_field_view_method_return.mojo	-	ineligible	no-scalar-entry-shape
assets/ok/ref_field_view_ref_yield.mojo	-	ineligible	no-scalar-entry-shape
assets/ok/ref_field_wrapper_iterator_protocol.mojo	-	ineligible	no-scalar-entry-shape
assets/ok/ref_param.mojo	-	ineligible	no-scalar-entry-shape
assets/ok/reference_carrier_collection.mojo	-	ineligible	no-scalar-entry-shape
assets/ok/reference_element_chained_read.mojo	-	ineligible	no-scalar-entry-shape
assets/ok/reference_iteration_temporary_list.mojo	-	ineligible	no-scalar-entry-shape
assets/ok/reference_list_write_through_method.mojo	-	ineligible	no-scalar-entry-shape
assets/ok/reference_yielding_iteration.mojo	-	ineligible	no-scalar-entry-shape
assets/ok/reference_yielding_iteration_named_source.mojo	-	ineligible	no-scalar-entry-shape
assets/ok/reference_yielding_iteration_parametric_mut.mojo	-	ineligible	no-scalar-entry-shape
assets/ok/scalar_dtype_construction.mojo	-	ineligible	no-scalar-entry-shape
assets/ok/scalar_range_sequential.mojo	-	ineligible	no-scalar-entry-shape
assets/ok/scalar_range_strided.mojo	-	ineligible	no-scalar-entry-shape
assets/ok/scalar_range_zero_starting.mojo	-	ineligible	no-scalar-entry-shape
assets/ok/scalar_runtime_conversions.mojo	-	ineligible	no-scalar-entry-shape
assets/ok/self_hosted_algorithms.mojo	-	ineligible	no-scalar-entry-shape
assets/ok/self_hosted_dict.mojo	-	ineligible	no-scalar-entry-shape
assets/ok/self_hosted_vec.mojo	-	ineligible	no-scalar-entry-shape
assets/ok/set_methods_growth.mojo	-	ineligible	no-scalar-entry-shape
assets/ok/shadowing_constants.mojo	-	ineligible	no-scalar-entry-shape
assets/ok/simd_cast.mojo	-	ineligible	no-scalar-entry-shape
assets/ok/simd_floats.mojo	-	ineligible	no-scalar-entry-shape
assets/ok/simd_generic_width.mojo	-	ineligible	no-scalar-entry-shape
assets/ok/simd_lane_write.mojo	-	ineligible	no-scalar-entry-shape
assets/ok/simd_methods.mojo	-	ineligible	no-scalar-entry-shape
assets/ok/simd_shuffle.mojo	-	ineligible	no-scalar-entry-shape
assets/ok/sized_generic_views.mojo	-	ineligible	no-scalar-entry-shape
assets/ok/slice.mojo	-	ineligible	no-scalar-entry-shape
assets/ok/span_implicit_from_list.mojo	-	ineligible	no-scalar-entry-shape
assets/ok/span_iteration.mojo	-	ineligible	no-scalar-entry-shape
assets/ok/span_move_use.mojo	-	ineligible	no-scalar-entry-shape
assets/ok/span_view_basics.mojo	-	ineligible	no-scalar-entry-shape
assets/ok/static_methods.mojo	-	ineligible	no-scalar-entry-shape
assets/ok/std_traits_origin_imports.mojo	-	ineligible	no-scalar-entry-shape
assets/ok/string_capacity.mojo	-	ineligible	no-scalar-entry-shape
assets/ok/string_escapes.mojo	-	ineligible	no-scalar-entry-shape
assets/ok/string_grapheme_iteration.mojo	-	ineligible	no-scalar-entry-shape
assets/ok/string_overload_conversion.mojo	-	ineligible	no-scalar-entry-shape
assets/ok/stropping.mojo	-	ineligible	no-scalar-entry-shape
assets/ok/struct_value_param_frozen.mojo	-	ineligible	no-scalar-entry-shape
assets/ok/subtree_pointer_generic_field.mojo	-	ineligible	no-scalar-entry-shape
assets/ok/subtree_pointer_read.mojo	-	ineligible	no-scalar-entry-shape
assets/ok/telemetry.mojo	-	ineligible	no-scalar-entry-shape
assets/ok/ternary.mojo	-	ineligible	no-scalar-entry-shape
assets/ok/trait_default_method.mojo	-	ineligible	no-scalar-entry-shape
assets/ok/trait_inheritance.mojo	-	ineligible	no-scalar-entry-shape
assets/ok/traits.mojo	-	ineligible	no-scalar-entry-shape
assets/ok/transferred_carrier_keeps_source_alive.mojo	-	ineligible	no-scalar-entry-shape
assets/ok/try_break_continue.mojo	-	ineligible	no-scalar-entry-shape
assets/ok/try_reassign_outer.mojo	-	ineligible	no-scalar-entry-shape
assets/ok/try_region_drop_timing.mojo	-	ineligible	no-scalar-entry-shape
assets/ok/try_return.mojo	-	ineligible	no-scalar-entry-shape
assets/ok/tstring_forms.mojo	-	ineligible	no-scalar-entry-shape
assets/ok/tstring_generic_interpolation.mojo	-	ineligible	no-scalar-entry-shape
assets/ok/tstring_lazy.mojo	-	ineligible	no-scalar-entry-shape
assets/ok/tuple_unpack.mojo	-	ineligible	no-scalar-entry-shape
assets/ok/tuple_unpack_call.mojo	-	ineligible	no-scalar-entry-shape
assets/ok/type_predicate_comptime_if.mojo	-	ineligible	no-scalar-entry-shape
assets/ok/typelist_comptime_vocabulary.mojo	-	ineligible	no-scalar-entry-shape
assets/ok/typelist_where_clauses.mojo	-	ineligible	no-scalar-entry-shape
assets/ok/unsafe_pointer.mojo	-	ineligible	no-scalar-entry-shape
assets/ok/user_iterator.mojo	-	ineligible	no-scalar-entry-shape
assets/ok/value_params.mojo	-	ineligible	no-scalar-entry-shape
assets/ok/variable_scoping.mojo	-	ineligible	no-scalar-entry-shape
assets/ok/variadic_args.mojo	-	ineligible	no-scalar-entry-shape
assets/ok/variant_deinit_with_linear_payload.mojo	-	ineligible	no-scalar-entry-shape
assets/ok/variant_nominal_string_payload.mojo	-	ineligible	no-scalar-entry-shape
assets/ok/variant_owning_api.mojo	-	ineligible	no-scalar-entry-shape
assets/ok/vm_backed_ctfe_recursive_call.mojo	-	ineligible	no-scalar-entry-shape
assets/ok/vm_backed_ctfe_ternary.mojo	-	ineligible	no-scalar-entry-shape
assets/ok/waypoints.mojo	-	ineligible	no-scalar-entry-shape
assets/ok/where_message_satisfied.mojo	-	ineligible	no-scalar-entry-shape
assets/ok/where_repeated_clauses.mojo	-	ineligible	no-scalar-entry-shape
assets/ok/while.mojo	-	ineligible	no-scalar-entry-shape
assets/runtime_error/allocation_use_after_dealloc.mojo	-	ineligible	no-scalar-entry-shape
assets/runtime_error/div_by_zero.mojo	-	ineligible	no-scalar-entry-shape
assets/runtime_error/list_contiguous_slice_negative.mojo	-	ineligible	no-scalar-entry-shape
assets/runtime_error/list_contiguous_slice_out_of_range.mojo	-	ineligible	no-scalar-entry-shape
assets/runtime_error/list_contiguous_slice_reversed.mojo	-	ineligible	no-scalar-entry-shape
assets/runtime_error/list_out_of_range.mojo	-	ineligible	no-scalar-entry-shape
assets/runtime_error/maybe_uninit_deinit_uninitialized.mojo	-	ineligible	no-scalar-entry-shape
assets/runtime_error/maybe_uninit_read_uninitialized.mojo	-	ineligible	no-scalar-entry-shape
assets/runtime_error/maybe_uninit_take_uninitialized.mojo	-	ineligible	no-scalar-entry-shape
assets/runtime_error/nominal_string_byte_slice_boundary.mojo	-	ineligible	no-scalar-entry-shape
assets/runtime_error/nominal_string_byte_slice_out_of_range.mojo	-	ineligible	no-scalar-entry-shape
assets/runtime_error/nominal_string_codepoint_out_of_range.mojo	-	ineligible	no-scalar-entry-shape
assets/runtime_error/nominal_string_grapheme_out_of_range.mojo	-	ineligible	no-scalar-entry-shape
assets/runtime_error/nominal_string_split_empty_sep.mojo	-	ineligible	no-scalar-entry-shape
assets/runtime_error/optional_deinit_assert_empty_nonempty_aborts.mojo	-	ineligible	no-scalar-entry-shape
assets/runtime_error/optional_take_empty_aborts.mojo	-	ineligible	no-scalar-entry-shape
assets/runtime_error/pliron_raise_error_value.mojo	-	ineligible	no-scalar-entry-shape
assets/runtime_error/pliron_raise_iter_body.mojo	-	ineligible	no-scalar-entry-shape
assets/runtime_error/pliron_raise_iter_stop_unhandled.mojo	-	ineligible	no-scalar-entry-shape
assets/runtime_error/pliron_raise_unhandled.mojo	-	ineligible	no-scalar-entry-shape
assets/runtime_error/pliron_trap_div_zero.mojo	main	trap-differential	category=DivModZero
assets/runtime_error/pliron_trap_mod_zero.mojo	main	trap-differential	category=DivModZero
assets/runtime_error/pliron_trap_pow_negative.mojo	main	trap-differential	category=PowExponent
assets/runtime_error/pliron_trap_uint_div_zero.mojo	main	trap-differential	category=DivModZero
assets/runtime_error/pointer_dangling.mojo	-	ineligible	no-scalar-entry-shape
assets/runtime_error/pointer_double_free.mojo	-	ineligible	no-scalar-entry-shape
assets/runtime_error/pointer_use_after_free.mojo	-	ineligible	no-scalar-entry-shape
assets/runtime_error/span_index_out_of_range.mojo	-	ineligible	no-scalar-entry-shape
assets/runtime_error/span_slice_out_of_range.mojo	-	ineligible	no-scalar-entry-shape
assets/runtime_error/string_span_grapheme_slice_out_of_range.mojo	-	ineligible	no-scalar-entry-shape
assets/runtime_error/walrus.mojo	-	ineligible	no-scalar-entry-shape
